{"gcm": {"token": "fcqx3-NB_Zw:APA91bGWN547AqAxQquGWse5Ekp0QVr3cIjYxxZtmi3zTWL-Rcgtnv8KY9YMTjgOV7aspcOrr5nF0gkKrqNhqQbYhnjdXw7CPBqq336HLC3rWR2kMLRf4oNF6WoSs4Xs8q904ueRQ_fs", "appId": "wp:receiver.push.com#e0c4e98a-222d-42bc-b352-bbdf68987a01", "androidId": "4766404340406251185", "securityToken": "325158970250598048"}, "keys": {"public": "BGjPFEDTyHpmgxCa3lKm4biIjWlvnSk6G5W2BqMSV8vcCM6OJEhTkzDfTaR8xIZ7eo_K8TULZHtVHrkyt2zpGYY", "private": "MIGHAgEAMBMGByqGSM49AgEGCCqGSM49AwEHBG0wawIBAQQgfrCOIdxCVbZ9uOq6nFGFMbPsYcHr1e6YjFy624dTV5GhRANCAARozxRA08h6ZoMQmt5SpuG4iI1pb50pOhuVtgajElfL3AjOjiRIU5Mw302kfMSGe3qPyvE1C2R7VR65Mrds6RmG", "secret": "9fY26rkledjql-qvzd6hsQ"}, "fcm": {"token": "d3OTpbiVPK8:APA91bHuW0HSNbnIn4K5tKtg1a9Xjkz_znDzj-_F67oMNzlbsaG-DvH5oqbwIXVeU1ur-kU0sK2wYo1fRAMfbWvJyCi52Ec2LUcwqoH00YRAzlg57VN0HQxpx1CU_O5apf3Eowju69SJ", "pushSet": "dXc4jGxjpmo"}}